Date,Open,High,Low,Close,Volume
2026-06-09,288.989990234375,294.7799987792969,285.5899963378906,292.5799865722656,44966251
2026-06-12,289.9100036621094,293.010009765625,282.5599975585937,286.5199890136719,46591716
2026-06-18,281.04998779296875,281.1099853515625,272.25,273.75,114269112
2026-07-02,290.92999267578125,297.2799987792969,288.9100036621094,296.739990234375,22238251
2026-08-06,273.3800048828125,278.6400146484375,266.989990234375,268.75,116597426
2026-08-26,253.83999633789065,258.1099853515625,251.3800048828125,252.8000030517578,29155832
2026-08-27,254.6699981689453,257.7200012207031,251.6199951171875,255.17999267578125,34697234
2026-08-28,258.0400085449219,268.75,257.989990234375,258.6300048828125,27602372
2026-08-31,256.1600036621094,257.9200134277344,250.83999633789062,253.77999877929688,53881523
